{
  "core/validateConfig - valid config object": {
    "mean": 0.0016093423585226336,
    "p99": 0.003345999999964988
  },
  "core/validateConfig - invalid config object": {
    "mean": 0.010278486782058253,
    "p99": 0.02042899999992187
  },
  "core/validateCommitMessage - valid conventional commit": {
    "mean": 0.0004338939850185158,
    "p99": 0.0005009999999856518
  },
  "core/validateCommitMessage - invalid commit message": {
    "mean": 0.0005599186091176936,
    "p99": 0.0006210000001374283
  },
  "graph/GraphStore - addNode - single node": {
    "mean": 0.0011577831755876847,
    "p99": 0.0026149999999915963
  },
  "graph/GraphStore - findNodes - by type": {
    "mean": 0.0012079625290817935,
    "p99": 0.001904000000195083
  },
  "graph/ContextQL - execute - depth 2 from module root": {
    "mean": 0.012839694391659747,
    "p99": 0.023674000000028173
  },
  "graph/groupNodesByImpact - categorize ~85 nodes": {
    "mean": 0.005007491422218622,
    "p99": 0.0064119999997274135
  }
}
