{
  "core/validateConfig - valid config object": {
    "mean": 0.0016775412372172476,
    "p99": 0.0034770000000889922
  },
  "core/validateConfig - invalid config object": {
    "mean": 0.010361130714078797,
    "p99": 0.02101900000002388
  },
  "core/validateCommitMessage - valid conventional commit": {
    "mean": 0.000462290190574364,
    "p99": 0.0006520000001728476
  },
  "core/validateCommitMessage - invalid commit message": {
    "mean": 0.0006152215866303054,
    "p99": 0.0009009999998852436
  },
  "graph/GraphStore - addNode - single node": {
    "mean": 0.0009496504757744198,
    "p99": 0.0024240000000190776
  },
  "graph/GraphStore - findNodes - by type": {
    "mean": 0.001141185725599731,
    "p99": 0.0015029999999569554
  },
  "graph/ContextQL - execute - depth 2 from module root": {
    "mean": 0.011132918128787117,
    "p99": 0.021620000000439177
  },
  "graph/groupNodesByImpact - categorize ~85 nodes": {
    "mean": 0.004822112509524706,
    "p99": 0.006812000000081753
  }
}
