{
  "core/validateConfig - valid config object": {
    "mean": 0.0016204939782464012,
    "p99": 0.0038460000000668515
  },
  "core/validateConfig - invalid config object": {
    "mean": 0.009797340158714541,
    "p99": 0.01823699999999917
  },
  "core/validateCommitMessage - valid conventional commit": {
    "mean": 0.00039425824216144664,
    "p99": 0.0006710000000111904
  },
  "core/validateCommitMessage - invalid commit message": {
    "mean": 0.0005501052604361559,
    "p99": 0.0007110000001375738
  },
  "graph/GraphStore - addNode - single node": {
    "mean": 0.0011319443559013158,
    "p99": 0.0031050000000050204
  },
  "graph/GraphStore - findNodes - by type": {
    "mean": 0.0013022015959746982,
    "p99": 0.0018330000000332802
  },
  "graph/ContextQL - execute - depth 2 from module root": {
    "mean": 0.010006766966195768,
    "p99": 0.020160000000032596
  },
  "graph/groupNodesByImpact - categorize ~85 nodes": {
    "mean": 0.0058190863427405705,
    "p99": 0.00926400000025751
  }
}
