{
  "core/validateConfig - valid config object": {
    "mean": 0.0016215573998039285,
    "p99": 0.0037550000000692307
  },
  "core/validateConfig - invalid config object": {
    "mean": 0.009929111265563825,
    "p99": 0.018097000000125263
  },
  "core/validateCommitMessage - valid conventional commit": {
    "mean": 0.0003799185743636758,
    "p99": 0.0005209999999351567
  },
  "core/validateCommitMessage - invalid commit message": {
    "mean": 0.0005452005137970206,
    "p99": 0.000901999999769032
  },
  "graph/GraphStore - addNode - single node": {
    "mean": 0.001064399020477777,
    "p99": 0.0028750000000172804
  },
  "graph/GraphStore - findNodes - by type": {
    "mean": 0.0013423306370423606,
    "p99": 0.001951999999846521
  },
  "graph/ContextQL - execute - depth 2 from module root": {
    "mean": 0.010754586272907513,
    "p99": 0.020980999999665073
  },
  "graph/groupNodesByImpact - categorize ~85 nodes": {
    "mean": 0.005129999548560869,
    "p99": 0.008413000000018656
  }
}
