{
  "core/validateConfig - valid config object": {
    "mean": 0.001621138992821635,
    "p99": 0.003265999999939595
  },
  "core/validateConfig - invalid config object": {
    "mean": 0.010775359656115596,
    "p99": 0.020718999999871812
  },
  "core/validateCommitMessage - valid conventional commit": {
    "mean": 0.00044455871863982225,
    "p99": 0.0004919999998946878
  },
  "core/validateCommitMessage - invalid commit message": {
    "mean": 0.0005786267568551621,
    "p99": 0.0009719999998196727
  },
  "graph/GraphStore - addNode - single node": {
    "mean": 0.0012089916286167238,
    "p99": 0.0026449999999158536
  },
  "graph/GraphStore - findNodes - by type": {
    "mean": 0.001209074285258389,
    "p99": 0.001904000000195083
  },
  "graph/ContextQL - execute - depth 2 from module root": {
    "mean": 0.010906326578688848,
    "p99": 0.021720999999615742
  },
  "graph/groupNodesByImpact - categorize ~85 nodes": {
    "mean": 0.0048415614342576085,
    "p99": 0.006722000000081607
  }
}
