{
  "core/validateConfig - valid config object": {
    "mean": 0.00159483992000309,
    "p99": 0.0036949999999933425
  },
  "core/validateConfig - invalid config object": {
    "mean": 0.009859463530061554,
    "p99": 0.018006999999897744
  },
  "core/validateCommitMessage - valid conventional commit": {
    "mean": 0.0003860197896809749,
    "p99": 0.0004909999997835257
  },
  "core/validateCommitMessage - invalid commit message": {
    "mean": 0.000512844846013369,
    "p99": 0.000661000000036438
  },
  "graph/GraphStore - addNode - single node": {
    "mean": 0.0010183222865802145,
    "p99": 0.0029039999999440624
  },
  "graph/GraphStore - findNodes - by type": {
    "mean": 0.0012914398176486388,
    "p99": 0.0018219999999473657
  },
  "graph/ContextQL - execute - depth 2 from module root": {
    "mean": 0.010221800637829766,
    "p99": 0.020441000000118947
  },
  "graph/groupNodesByImpact - categorize ~85 nodes": {
    "mean": 0.0052320127241915915,
    "p99": 0.00893400000040856
  }
}
