{
  "core/validateConfig - valid config object": {
    "mean": 0.0017060833759853383,
    "p99": 0.0031129999999848224
  },
  "core/validateConfig - invalid config object": {
    "mean": 0.010628830810765023,
    "p99": 0.017833999999993466
  },
  "core/validateCommitMessage - valid conventional commit": {
    "mean": 0.000401299069628758,
    "p99": 0.0006220000000212167
  },
  "core/validateCommitMessage - invalid commit message": {
    "mean": 0.0005410229945376794,
    "p99": 0.0009679999998297717
  },
  "graph/GraphStore - addNode - single node": {
    "mean": 0.001108475241049538,
    "p99": 0.002246000000013737
  },
  "graph/GraphStore - findNodes - by type": {
    "mean": 0.0011340197341860895,
    "p99": 0.0015780000001086592
  },
  "graph/ContextQL - execute - depth 2 from module root": {
    "mean": 0.011116347940149597,
    "p99": 0.0187989999999445
  },
  "graph/groupNodesByImpact - categorize ~85 nodes": {
    "mean": 0.004911679210256094,
    "p99": 0.006300000000010186
  }
}
