{
  "core/validateConfig - valid config object": {
    "mean": 0.0016489433226152719,
    "p99": 0.003396000000066124
  },
  "core/validateConfig - invalid config object": {
    "mean": 0.010455282876441582,
    "p99": 0.02119900000002417
  },
  "core/validateCommitMessage - valid conventional commit": {
    "mean": 0.00044347915426769154,
    "p99": 0.0004909999997835257
  },
  "core/validateCommitMessage - invalid commit message": {
    "mean": 0.0005661740701444954,
    "p99": 0.000630999999884807
  },
  "graph/GraphStore - addNode - single node": {
    "mean": 0.0010595488383590727,
    "p99": 0.002583999999956177
  },
  "graph/GraphStore - findNodes - by type": {
    "mean": 0.0011867453224501234,
    "p99": 0.0016319999999723223
  },
  "graph/ContextQL - execute - depth 2 from module root": {
    "mean": 0.011254230170163167,
    "p99": 0.022281000000020867
  },
  "graph/groupNodesByImpact - categorize ~85 nodes": {
    "mean": 0.00481932719475727,
    "p99": 0.008145000000240543
  }
}
