{
  "core/validateConfig - valid config object": {
    "mean": 0.0016320065802357484,
    "p99": 0.00324599999999009
  },
  "core/validateConfig - invalid config object": {
    "mean": 0.01041920231719818,
    "p99": 0.02118900000004942
  },
  "core/validateCommitMessage - valid conventional commit": {
    "mean": 0.00044221123888079863,
    "p99": 0.00048100000003614696
  },
  "core/validateCommitMessage - invalid commit message": {
    "mean": 0.0005586195534621215,
    "p99": 0.0006119999998190906
  },
  "graph/GraphStore - addNode - single node": {
    "mean": 0.0011843376695588315,
    "p99": 0.0026649999999790452
  },
  "graph/GraphStore - findNodes - by type": {
    "mean": 0.0011806301183228762,
    "p99": 0.0016530000000329892
  },
  "graph/ContextQL - execute - depth 2 from module root": {
    "mean": 0.010990769261205605,
    "p99": 0.021850000000085856
  },
  "graph/groupNodesByImpact - categorize ~85 nodes": {
    "mean": 0.004825144011039717,
    "p99": 0.005880999999590131
  }
}
