{
  "core/validateConfig - valid config object": {
    "mean": 0.001625152552784837,
    "p99": 0.003336999999987711
  },
  "core/validateConfig - invalid config object": {
    "mean": 0.010325592433504503,
    "p99": 0.02106000000003405
  },
  "core/validateCommitMessage - valid conventional commit": {
    "mean": 0.0004550480594037123,
    "p99": 0.0005009999999856518
  },
  "core/validateCommitMessage - invalid commit message": {
    "mean": 0.0005493355713249751,
    "p99": 0.0006310000003395544
  },
  "graph/GraphStore - addNode - single node": {
    "mean": 0.0010203873982163748,
    "p99": 0.0024240000000190776
  },
  "graph/GraphStore - findNodes - by type": {
    "mean": 0.0011581040137491451,
    "p99": 0.0018039999999928114
  },
  "graph/ContextQL - execute - depth 2 from module root": {
    "mean": 0.010873430910750645,
    "p99": 0.02158000000008542
  },
  "graph/groupNodesByImpact - categorize ~85 nodes": {
    "mean": 0.004934410233889087,
    "p99": 0.007573999999749503
  }
}
