{
  "core/validateConfig - valid config object": {
    "mean": 0.001935706386256669,
    "p99": 0.004075999999940905
  },
  "core/validateConfig - invalid config object": {
    "mean": 0.010669557134626688,
    "p99": 0.0176010000000133
  },
  "core/validateCommitMessage - valid conventional commit": {
    "mean": 0.0003959812803816792,
    "p99": 0.0007100000002537854
  },
  "core/validateCommitMessage - invalid commit message": {
    "mean": 0.0006254874183273097,
    "p99": 0.0009689999997135601
  },
  "graph/GraphStore - addNode - single node": {
    "mean": 0.0012132623970294114,
    "p99": 0.0022649999999657666
  },
  "graph/GraphStore - findNodes - by type": {
    "mean": 0.0011399876334353429,
    "p99": 0.001583999999866137
  },
  "graph/ContextQL - execute - depth 2 from module root": {
    "mean": 0.01163905405153811,
    "p99": 0.019724000000223896
  },
  "graph/groupNodesByImpact - categorize ~85 nodes": {
    "mean": 0.00523089605172211,
    "p99": 0.007292000000234111
  }
}
