{
  "core/validateConfig - valid config object": {
    "mean": 0.0017469834281361974,
    "p99": 0.003053000000022621
  },
  "core/validateConfig - invalid config object": {
    "mean": 0.010313244709376565,
    "p99": 0.017509000000018204
  },
  "core/validateCommitMessage - valid conventional commit": {
    "mean": 0.00044718838777993116,
    "p99": 0.0006319999999959691
  },
  "core/validateCommitMessage - invalid commit message": {
    "mean": 0.0006304277927608262,
    "p99": 0.0009570000001986045
  },
  "graph/GraphStore - addNode - single node": {
    "mean": 0.0010357555060693327,
    "p99": 0.002131000000019867
  },
  "graph/GraphStore - findNodes - by type": {
    "mean": 0.001095779299447568,
    "p99": 0.00151400000004287
  },
  "graph/ContextQL - execute - depth 2 from module root": {
    "mean": 0.010770308698086626,
    "p99": 0.018298999999842636
  },
  "graph/groupNodesByImpact - categorize ~85 nodes": {
    "mean": 0.004751385782026714,
    "p99": 0.005874000000403612
  }
}
