{
  "core/validateConfig - valid config object": {
    "mean": 0.00170625857991601,
    "p99": 0.0034160000000156288
  },
  "core/validateConfig - invalid config object": {
    "mean": 0.010913072876880325,
    "p99": 0.021600999999918713
  },
  "core/validateCommitMessage - valid conventional commit": {
    "mean": 0.0004490895556171942,
    "p99": 0.0005009999999856518
  },
  "core/validateCommitMessage - invalid commit message": {
    "mean": 0.0005877594079619133,
    "p99": 0.000901999999769032
  },
  "graph/GraphStore - addNode - single node": {
    "mean": 0.0009963392249834134,
    "p99": 0.0024449999999660577
  },
  "graph/GraphStore - findNodes - by type": {
    "mean": 0.0011988003351843985,
    "p99": 0.0017540000001190492
  },
  "graph/ContextQL - execute - depth 2 from module root": {
    "mean": 0.011802535171373193,
    "p99": 0.024575999999797205
  },
  "graph/groupNodesByImpact - categorize ~85 nodes": {
    "mean": 0.005110919901869984,
    "p99": 0.007182999999713502
  }
}
