{
  "core/validateConfig - valid config object": {
    "mean": 0.0016210937866772332,
    "p99": 0.0038160000000289074
  },
  "core/validateConfig - invalid config object": {
    "mean": 0.009753677038019241,
    "p99": 0.017735999999786145
  },
  "core/validateCommitMessage - valid conventional commit": {
    "mean": 0.0003688181306529545,
    "p99": 0.00047099999983402085
  },
  "core/validateCommitMessage - invalid commit message": {
    "mean": 0.0005581130591731103,
    "p99": 0.0008609999999862339
  },
  "graph/GraphStore - addNode - single node": {
    "mean": 0.0010333421870059136,
    "p99": 0.002843999999981861
  },
  "graph/GraphStore - findNodes - by type": {
    "mean": 0.0012630693701338699,
    "p99": 0.001682000000073458
  },
  "graph/ContextQL - execute - depth 2 from module root": {
    "mean": 0.01069148433724565,
    "p99": 0.021050999999715714
  },
  "graph/groupNodesByImpact - categorize ~85 nodes": {
    "mean": 0.005287227565424006,
    "p99": 0.007129999999961001
  }
}
