{
  "core/validateConfig - valid config object": {
    "mean": 0.0016104531455333351,
    "p99": 0.003726000000028762
  },
  "core/validateConfig - invalid config object": {
    "mean": 0.009856195249359373,
    "p99": 0.018266999999923428
  },
  "core/validateCommitMessage - valid conventional commit": {
    "mean": 0.0003933207963645072,
    "p99": 0.0006809999999859428
  },
  "core/validateCommitMessage - invalid commit message": {
    "mean": 0.0005363062852887916,
    "p99": 0.0006710000002385641
  },
  "graph/GraphStore - addNode - single node": {
    "mean": 0.001019763708674058,
    "p99": 0.0028839999999945576
  },
  "graph/GraphStore - findNodes - by type": {
    "mean": 0.0012572481279578482,
    "p99": 0.0017029999999067513
  },
  "graph/ContextQL - execute - depth 2 from module root": {
    "mean": 0.011352452910724231,
    "p99": 0.021692000000257394
  },
  "graph/groupNodesByImpact - categorize ~85 nodes": {
    "mean": 0.0054110904299638106,
    "p99": 0.008092000000033295
  }
}
