{
  "core/validateConfig - valid config object": {
    "mean": 0.0007348717340471011,
    "p99": 0.001040999999986525
  },
  "core/validateConfig - invalid config object": {
    "mean": 0.004563551175568626,
    "p99": 0.005375000000185537
  },
  "core/validateCommitMessage - valid conventional commit": {
    "mean": 0.0001715384800116994,
    "p99": 0.0002910000000611035
  },
  "core/validateCommitMessage - invalid commit message": {
    "mean": 0.0002898849186265261,
    "p99": 0.00037500000007639755
  },
  "graph/GraphStore - addNode - single node": {
    "mean": 0.020869200083472848,
    "p99": 0.03924999999992451
  },
  "graph/GraphStore - findNodes - by type": {
    "mean": 0.005231515040544091,
    "p99": 0.006708000000116954
  },
  "graph/ContextQL - execute - depth 2 from module root": {
    "mean": 0.023590108369503697,
    "p99": 0.051124999999956344
  },
  "graph/groupNodesByImpact - categorize ~85 nodes": {
    "mean": 0.01186740837348443,
    "p99": 0.015292000000044936
  }
}
