{
  "core/validateConfig - valid config object": {
    "mean": 0.0016212735862517788,
    "p99": 0.0033260000000154832
  },
  "core/validateConfig - invalid config object": {
    "mean": 0.010532130408224111,
    "p99": 0.021200000000135333
  },
  "core/validateCommitMessage - valid conventional commit": {
    "mean": 0.000433270403998442,
    "p99": 0.00048100000003614696
  },
  "core/validateCommitMessage - invalid commit message": {
    "mean": 0.0005520713750991826,
    "p99": 0.0006010000001879234
  },
  "graph/GraphStore - addNode - single node": {
    "mean": 0.001075260354749681,
    "p99": 0.002564000000006672
  },
  "graph/GraphStore - findNodes - by type": {
    "mean": 0.0011825751962478068,
    "p99": 0.001672999999982494
  },
  "graph/ContextQL - execute - depth 2 from module root": {
    "mean": 0.011903836729835696,
    "p99": 0.02306300000009287
  },
  "graph/groupNodesByImpact - categorize ~85 nodes": {
    "mean": 0.004782912912883719,
    "p99": 0.005630999999993946
  }
}
