{
  "core/validateConfig - valid config object": {
    "mean": 0.0016159647105972032,
    "p99": 0.0037360000000035143
  },
  "core/validateConfig - invalid config object": {
    "mean": 0.010052220381576379,
    "p99": 0.01851800000008552
  },
  "core/validateCommitMessage - valid conventional commit": {
    "mean": 0.0003827377252221311,
    "p99": 0.00046099999963189475
  },
  "core/validateCommitMessage - invalid commit message": {
    "mean": 0.0005240326734363956,
    "p99": 0.0006410000000869331
  },
  "graph/GraphStore - addNode - single node": {
    "mean": 0.0009842352930754768,
    "p99": 0.0029040000000577493
  },
  "graph/GraphStore - findNodes - by type": {
    "mean": 0.0012450046438665027,
    "p99": 0.001623000000108732
  },
  "graph/ContextQL - execute - depth 2 from module root": {
    "mean": 0.011081880427314391,
    "p99": 0.021472000000358094
  },
  "graph/groupNodesByImpact - categorize ~85 nodes": {
    "mean": 0.004891653201585158,
    "p99": 0.006859999999960564
  }
}
