{
  "core/validateConfig - valid config object": {
    "mean": 0.001717220301611813,
    "p99": 0.0029909999999517822
  },
  "core/validateConfig - invalid config object": {
    "mean": 0.01058053725374027,
    "p99": 0.017834999999877255
  },
  "core/validateCommitMessage - valid conventional commit": {
    "mean": 0.0004204857930487455,
    "p99": 0.0006280000000060681
  },
  "core/validateCommitMessage - invalid commit message": {
    "mean": 0.0006263248119775151,
    "p99": 0.0009700000000520959
  },
  "graph/GraphStore - addNode - single node": {
    "mean": 0.0010445384755191824,
    "p99": 0.002177999999958047
  },
  "graph/GraphStore - findNodes - by type": {
    "mean": 0.0011078387481971146,
    "p99": 0.0015189999999165593
  },
  "graph/ContextQL - execute - depth 2 from module root": {
    "mean": 0.010470412593708024,
    "p99": 0.01763200000004872
  },
  "graph/groupNodesByImpact - categorize ~85 nodes": {
    "mean": 0.004813570456230156,
    "p99": 0.005853000000115571
  }
}
