{
  "core/validateConfig - valid config object": {
    "mean": 0.001618091629288775,
    "p99": 0.003295999999977539
  },
  "core/validateConfig - invalid config object": {
    "mean": 0.010260702544634497,
    "p99": 0.020547999999962485
  },
  "core/validateCommitMessage - valid conventional commit": {
    "mean": 0.0004430002241578621,
    "p99": 0.0004910000000108994
  },
  "core/validateCommitMessage - invalid commit message": {
    "mean": 0.0005587951559203284,
    "p99": 0.0006109999999353022
  },
  "graph/GraphStore - addNode - single node": {
    "mean": 0.0009069448940870115,
    "p99": 0.002405000000067048
  },
  "graph/GraphStore - findNodes - by type": {
    "mean": 0.001167022733585245,
    "p99": 0.0017530000000078871
  },
  "graph/ContextQL - execute - depth 2 from module root": {
    "mean": 0.012141627983778488,
    "p99": 0.022973000000092725
  },
  "graph/groupNodesByImpact - categorize ~85 nodes": {
    "mean": 0.004704680997006887,
    "p99": 0.008174999999937427
  }
}
