{
  "core/validateConfig - valid config object": {
    "mean": 0.002047355465199135,
    "p99": 0.004702000000008866
  },
  "core/validateConfig - invalid config object": {
    "mean": 0.010657004561148995,
    "p99": 0.01796399999989262
  },
  "core/validateCommitMessage - valid conventional commit": {
    "mean": 0.00041653015176691785,
    "p99": 0.0010059999999612046
  },
  "core/validateCommitMessage - invalid commit message": {
    "mean": 0.0006489058361200613,
    "p99": 0.0009780000000318978
  },
  "graph/GraphStore - addNode - single node": {
    "mean": 0.0012604090703987783,
    "p99": 0.0031809999999268257
  },
  "graph/GraphStore - findNodes - by type": {
    "mean": 0.0011907156240773388,
    "p99": 0.0017100000000027649
  },
  "graph/ContextQL - execute - depth 2 from module root": {
    "mean": 0.011924667183401265,
    "p99": 0.019878000000062457
  },
  "graph/groupNodesByImpact - categorize ~85 nodes": {
    "mean": 0.005169300367020251,
    "p99": 0.00655800000004092
  }
}
