{
  "core/validateConfig - valid config object": {
    "mean": 0.0017818484113068733,
    "p99": 0.004668999999978496
  },
  "core/validateConfig - invalid config object": {
    "mean": 0.010233002988008206,
    "p99": 0.020719000000099186
  },
  "core/validateCommitMessage - valid conventional commit": {
    "mean": 0.0004497287822611748,
    "p99": 0.0005009999999856518
  },
  "core/validateCommitMessage - invalid commit message": {
    "mean": 0.0005611716668927324,
    "p99": 0.0006210000001374283
  },
  "graph/GraphStore - addNode - single node": {
    "mean": 0.0010486075189325879,
    "p99": 0.002534999999966203
  },
  "graph/GraphStore - findNodes - by type": {
    "mean": 0.0011617002397747889,
    "p99": 0.001523000000133834
  },
  "graph/ContextQL - execute - depth 2 from module root": {
    "mean": 0.011284635830194492,
    "p99": 0.02176999999983309
  },
  "graph/groupNodesByImpact - categorize ~85 nodes": {
    "mean": 0.005223046056617585,
    "p99": 0.006662000000233093
  }
}
