{
  "core/validateConfig - valid config object": {
    "mean": 0.0016109962979312384,
    "p99": 0.003216000000065833
  },
  "core/validateConfig - invalid config object": {
    "mean": 0.010549206595354377,
    "p99": 0.021110000000135187
  },
  "core/validateCommitMessage - valid conventional commit": {
    "mean": 0.00044821169473220737,
    "p99": 0.0004910000002382731
  },
  "core/validateCommitMessage - invalid commit message": {
    "mean": 0.0005542628234119761,
    "p99": 0.0006109999999353022
  },
  "graph/GraphStore - addNode - single node": {
    "mean": 0.0010610237393445863,
    "p99": 0.002525000000048294
  },
  "graph/GraphStore - findNodes - by type": {
    "mean": 0.0011614848217354958,
    "p99": 0.0016119999997954437
  },
  "graph/ContextQL - execute - depth 2 from module root": {
    "mean": 0.011186363349590474,
    "p99": 0.021991000000070926
  },
  "graph/groupNodesByImpact - categorize ~85 nodes": {
    "mean": 0.004956827661071748,
    "p99": 0.006661999999778345
  }
}
