{
  "core/validateConfig - valid config object": {
    "mean": 0.0015591147784818496,
    "p99": 0.003735000000006039
  },
  "core/validateConfig - invalid config object": {
    "mean": 0.01039999866880315,
    "p99": 0.03164700000002085
  },
  "core/validateCommitMessage - valid conventional commit": {
    "mean": 0.0003832141875021334,
    "p99": 0.0004500000000007276
  },
  "core/validateCommitMessage - invalid commit message": {
    "mean": 0.0005266962069451087,
    "p99": 0.0006210000001374283
  },
  "graph/GraphStore - addNode - single node": {
    "mean": 0.0010180820125427251,
    "p99": 0.0028949999999667853
  },
  "graph/GraphStore - findNodes - by type": {
    "mean": 0.001270738665677483,
    "p99": 0.0017829999999321444
  },
  "graph/ContextQL - execute - depth 2 from module root": {
    "mean": 0.010602814580771495,
    "p99": 0.020719999999982974
  },
  "graph/groupNodesByImpact - categorize ~85 nodes": {
    "mean": 0.005339435387588617,
    "p99": 0.00746099999969374
  }
}
