{
  "core/validateConfig - valid config object": {
    "mean": 0.001632131784767585,
    "p99": 0.0032860000000027867
  },
  "core/validateConfig - invalid config object": {
    "mean": 0.010055573827527987,
    "p99": 0.020929999999907523
  },
  "core/validateCommitMessage - valid conventional commit": {
    "mean": 0.00042612103622352647,
    "p99": 0.0004710000002887682
  },
  "core/validateCommitMessage - invalid commit message": {
    "mean": 0.0005437484021952611,
    "p99": 0.0005909999999857973
  },
  "graph/GraphStore - addNode - single node": {
    "mean": 0.0009794517972928143,
    "p99": 0.00243399999999383
  },
  "graph/GraphStore - findNodes - by type": {
    "mean": 0.0011406203673711016,
    "p99": 0.0015319999999974243
  },
  "graph/ContextQL - execute - depth 2 from module root": {
    "mean": 0.010938510817965747,
    "p99": 0.02157000000033804
  },
  "graph/groupNodesByImpact - categorize ~85 nodes": {
    "mean": 0.004668504309016743,
    "p99": 0.005861000000095373
  }
}
