{
  "core/validateConfig - valid config object": {
    "mean": 0.0016250352437224551,
    "p99": 0.003765000000043983
  },
  "core/validateConfig - invalid config object": {
    "mean": 0.009793467143277406,
    "p99": 0.01844699999992372
  },
  "core/validateCommitMessage - valid conventional commit": {
    "mean": 0.0004000459572576866,
    "p99": 0.0005909999999857973
  },
  "core/validateCommitMessage - invalid commit message": {
    "mean": 0.0005556434870835143,
    "p99": 0.0006510000002890592
  },
  "graph/GraphStore - addNode - single node": {
    "mean": 0.0010365063931672633,
    "p99": 0.002863999999931366
  },
  "graph/GraphStore - findNodes - by type": {
    "mean": 0.0012668376397320731,
    "p99": 0.0017119999999977153
  },
  "graph/ContextQL - execute - depth 2 from module root": {
    "mean": 0.010177034011113683,
    "p99": 0.02032999999983076
  },
  "graph/groupNodesByImpact - categorize ~85 nodes": {
    "mean": 0.004937373589152758,
    "p99": 0.006530000000111613
  }
}
