{
  "core/validateConfig - valid config object": {
    "mean": 0.001648884143043773,
    "p99": 0.003345999999964988
  },
  "core/validateConfig - invalid config object": {
    "mean": 0.010402960032456866,
    "p99": 0.020929999999907523
  },
  "core/validateCommitMessage - valid conventional commit": {
    "mean": 0.0004452794287249346,
    "p99": 0.0005009999999856518
  },
  "core/validateCommitMessage - invalid commit message": {
    "mean": 0.0005679861479670266,
    "p99": 0.000630999999884807
  },
  "graph/GraphStore - addNode - single node": {
    "mean": 0.0010114888281095062,
    "p99": 0.0025139999999623797
  },
  "graph/GraphStore - findNodes - by type": {
    "mean": 0.001172932755781266,
    "p99": 0.0016530000000329892
  },
  "graph/ContextQL - execute - depth 2 from module root": {
    "mean": 0.011290930855389814,
    "p99": 0.02200200000015684
  },
  "graph/groupNodesByImpact - categorize ~85 nodes": {
    "mean": 0.004911594282906956,
    "p99": 0.006841999999778636
  }
}
