{
  "core/validateConfig - valid config object": {
    "mean": 0.0015798397885542638,
    "p99": 0.003776000000016211
  },
  "core/validateConfig - invalid config object": {
    "mean": 0.009901070910890663,
    "p99": 0.018146999999999025
  },
  "core/validateCommitMessage - valid conventional commit": {
    "mean": 0.00038049174447106173,
    "p99": 0.0004600000002028537
  },
  "core/validateCommitMessage - invalid commit message": {
    "mean": 0.000520415261893444,
    "p99": 0.000630999999884807
  },
  "graph/GraphStore - addNode - single node": {
    "mean": 0.001067865248257267,
    "p99": 0.0029040000000577493
  },
  "graph/GraphStore - findNodes - by type": {
    "mean": 0.0013752270220613605,
    "p99": 0.0017629999999826396
  },
  "graph/ContextQL - execute - depth 2 from module root": {
    "mean": 0.010659235801995974,
    "p99": 0.0207220000002053
  },
  "graph/groupNodesByImpact - categorize ~85 nodes": {
    "mean": 0.0052937454791859555,
    "p99": 0.006579999999758002
  }
}
