{
  "core/validateConfig - valid config object": {
    "mean": 0.001621110968093202,
    "p99": 0.0033559999999397405
  },
  "core/validateConfig - invalid config object": {
    "mean": 0.010216881301211908,
    "p99": 0.020749000000023443
  },
  "core/validateCommitMessage - valid conventional commit": {
    "mean": 0.0004468253995064287,
    "p99": 0.00048100000003614696
  },
  "core/validateCommitMessage - invalid commit message": {
    "mean": 0.0005613094934189593,
    "p99": 0.0006110000003900495
  },
  "graph/GraphStore - addNode - single node": {
    "mean": 0.0009999971967065934,
    "p99": 0.0024440000000822693
  },
  "graph/GraphStore - findNodes - by type": {
    "mean": 0.0011589225466500483,
    "p99": 0.0017029999999067513
  },
  "graph/ContextQL - execute - depth 2 from module root": {
    "mean": 0.010558058237256066,
    "p99": 0.02139999999963038
  },
  "graph/groupNodesByImpact - categorize ~85 nodes": {
    "mean": 0.00471558928436832,
    "p99": 0.006823000000167667
  }
}
