{
  "core/validateConfig - valid config object": {
    "mean": 0.0016180033266132085,
    "p99": 0.003676000000041313
  },
  "core/validateConfig - invalid config object": {
    "mean": 0.009712585042734902,
    "p99": 0.017985999999837077
  },
  "core/validateCommitMessage - valid conventional commit": {
    "mean": 0.00037452556133835965,
    "p99": 0.0005810000000110449
  },
  "core/validateCommitMessage - invalid commit message": {
    "mean": 0.0005376376657939534,
    "p99": 0.0007410000002892048
  },
  "graph/GraphStore - addNode - single node": {
    "mean": 0.0010978680859576723,
    "p99": 0.00297400000010839
  },
  "graph/GraphStore - findNodes - by type": {
    "mean": 0.001253381356208375,
    "p99": 0.0016319999999723223
  },
  "graph/ContextQL - execute - depth 2 from module root": {
    "mean": 0.010946692332952495,
    "p99": 0.021411000000171043
  },
  "graph/groupNodesByImpact - categorize ~85 nodes": {
    "mean": 0.0049301115482460545,
    "p99": 0.007321000000047206
  }
}
