{
  "core/validateConfig - valid config object": {
    "mean": 0.0016320716085650856,
    "p99": 0.0033570000000509026
  },
  "core/validateConfig - invalid config object": {
    "mean": 0.01035992642396903,
    "p99": 0.021239000000150554
  },
  "core/validateCommitMessage - valid conventional commit": {
    "mean": 0.00044914013253220017,
    "p99": 0.0006819999998697313
  },
  "core/validateCommitMessage - invalid commit message": {
    "mean": 0.0005693994583880047,
    "p99": 0.0006210000001374283
  },
  "graph/GraphStore - addNode - single node": {
    "mean": 0.0010661029172832296,
    "p99": 0.002534999999966203
  },
  "graph/GraphStore - findNodes - by type": {
    "mean": 0.001172544322083049,
    "p99": 0.0017230000000836299
  },
  "graph/ContextQL - execute - depth 2 from module root": {
    "mean": 0.011444642564489897,
    "p99": 0.022340999999869382
  },
  "graph/groupNodesByImpact - categorize ~85 nodes": {
    "mean": 0.005209479990413311,
    "p99": 0.008937000000059925
  }
}
