{
  "core/validateConfig - valid config object": {
    "mean": 0.0017093188554433134,
    "p99": 0.0037659999999277716
  },
  "core/validateConfig - invalid config object": {
    "mean": 0.010402459759117072,
    "p99": 0.018246999999973923
  },
  "core/validateCommitMessage - valid conventional commit": {
    "mean": 0.00038335956431971476,
    "p99": 0.0004909999997835257
  },
  "core/validateCommitMessage - invalid commit message": {
    "mean": 0.0005632857514628282,
    "p99": 0.0007209999998849526
  },
  "graph/GraphStore - addNode - single node": {
    "mean": 0.0012257248640672375,
    "p99": 0.0032049999999799184
  },
  "graph/GraphStore - findNodes - by type": {
    "mean": 0.0014007706606303856,
    "p99": 0.0020829999998568383
  },
  "graph/ContextQL - execute - depth 2 from module root": {
    "mean": 0.011931282506503658,
    "p99": 0.02226299999983894
  },
  "graph/groupNodesByImpact - categorize ~85 nodes": {
    "mean": 0.005696157987673921,
    "p99": 0.008764000000155647
  }
}
