{
  "core/validateConfig - valid config object": {
    "mean": 0.001664612509196849,
    "p99": 0.0036259999999970205
  },
  "core/validateConfig - invalid config object": {
    "mean": 0.01058486106524462,
    "p99": 0.034084000000120795
  },
  "core/validateCommitMessage - valid conventional commit": {
    "mean": 0.0004315755498701888,
    "p99": 0.0004700000001776061
  },
  "core/validateCommitMessage - invalid commit message": {
    "mean": 0.0005721556685114942,
    "p99": 0.0006209999996826809
  },
  "graph/GraphStore - addNode - single node": {
    "mean": 0.0009594151387986101,
    "p99": 0.002364999999997508
  },
  "graph/GraphStore - findNodes - by type": {
    "mean": 0.001139492137504568,
    "p99": 0.001471999999921536
  },
  "graph/ContextQL - execute - depth 2 from module root": {
    "mean": 0.011205413786920498,
    "p99": 0.021859999999833235
  },
  "graph/groupNodesByImpact - categorize ~85 nodes": {
    "mean": 0.004734646266748821,
    "p99": 0.005349999999907595
  }
}
