{
  "core/validateConfig - valid config object": {
    "mean": 0.0016446421001388063,
    "p99": 0.0038550000000441287
  },
  "core/validateConfig - invalid config object": {
    "mean": 0.00970806092343405,
    "p99": 0.01801700000009987
  },
  "core/validateCommitMessage - valid conventional commit": {
    "mean": 0.0003753325934512703,
    "p99": 0.0005209999999351567
  },
  "core/validateCommitMessage - invalid commit message": {
    "mean": 0.00055524505388097,
    "p99": 0.0006809999999859428
  },
  "graph/GraphStore - addNode - single node": {
    "mean": 0.001074547453004684,
    "p99": 0.002913999999918815
  },
  "graph/GraphStore - findNodes - by type": {
    "mean": 0.0012860263197828775,
    "p99": 0.0017129999998815038
  },
  "graph/ContextQL - execute - depth 2 from module root": {
    "mean": 0.011102365685229813,
    "p99": 0.021361999999953696
  },
  "graph/groupNodesByImpact - categorize ~85 nodes": {
    "mean": 0.00521351188154875,
    "p99": 0.007771999999931722
  }
}
