{
  "core/validateConfig - valid config object": {
    "mean": 0.0016505928852972287,
    "p99": 0.0033359999999902357
  },
  "core/validateConfig - invalid config object": {
    "mean": 0.010353122202956323,
    "p99": 0.021179000000074666
  },
  "core/validateCommitMessage - valid conventional commit": {
    "mean": 0.00043454627133389997,
    "p99": 0.00048100000003614696
  },
  "core/validateCommitMessage - invalid commit message": {
    "mean": 0.0005392768559744898,
    "p99": 0.0005909999999857973
  },
  "graph/GraphStore - addNode - single node": {
    "mean": 0.0010833100320875603,
    "p99": 0.0025850000000104956
  },
  "graph/GraphStore - findNodes - by type": {
    "mean": 0.0011752831582163299,
    "p99": 0.0016130000001339795
  },
  "graph/ContextQL - execute - depth 2 from module root": {
    "mean": 0.011781443570234371,
    "p99": 0.023183000000244647
  },
  "graph/groupNodesByImpact - categorize ~85 nodes": {
    "mean": 0.005058051045492787,
    "p99": 0.009047000000009575
  }
}
