{
  "core/validateConfig - valid config object": {
    "mean": 0.0018312781814719627,
    "p99": 0.003348000000016782
  },
  "core/validateConfig - invalid config object": {
    "mean": 0.010717922295342606,
    "p99": 0.017556000000013228
  },
  "core/validateCommitMessage - valid conventional commit": {
    "mean": 0.0003997336622874806,
    "p99": 0.0006039999998392886
  },
  "core/validateCommitMessage - invalid commit message": {
    "mean": 0.0006555991028797052,
    "p99": 0.0009639999998398707
  },
  "graph/GraphStore - addNode - single node": {
    "mean": 0.0011619711204172566,
    "p99": 0.0023390000000063083
  },
  "graph/GraphStore - findNodes - by type": {
    "mean": 0.001157279700403664,
    "p99": 0.001576999999997497
  },
  "graph/ContextQL - execute - depth 2 from module root": {
    "mean": 0.011158515833872043,
    "p99": 0.01882900000009613
  },
  "graph/groupNodesByImpact - categorize ~85 nodes": {
    "mean": 0.005194951354834019,
    "p99": 0.006937999999991007
  }
}
