{
  "core/validateConfig - valid config object": {
    "mean": 0.0018601312616490825,
    "p99": 0.0030699999999797
  },
  "core/validateConfig - invalid config object": {
    "mean": 0.010809696486865413,
    "p99": 0.017536000000063723
  },
  "core/validateCommitMessage - valid conventional commit": {
    "mean": 0.0004511857403772585,
    "p99": 0.0006300000000010186
  },
  "core/validateCommitMessage - invalid commit message": {
    "mean": 0.0006232053710310665,
    "p99": 0.0009110000000873697
  },
  "graph/GraphStore - addNode - single node": {
    "mean": 0.001074095736270931,
    "p99": 0.002196000000026288
  },
  "graph/GraphStore - findNodes - by type": {
    "mean": 0.0011330743635532769,
    "p99": 0.0015690000000176951
  },
  "graph/ContextQL - execute - depth 2 from module root": {
    "mean": 0.011034923020902058,
    "p99": 0.019237999999859312
  },
  "graph/groupNodesByImpact - categorize ~85 nodes": {
    "mean": 0.00494871056147723,
    "p99": 0.0064379999998891435
  }
}
