{
  "core/validateConfig - valid config object": {
    "mean": 0.001601108808008122,
    "p99": 0.0032860000000027867
  },
  "core/validateConfig - invalid config object": {
    "mean": 0.01016930420191975,
    "p99": 0.020548999999846274
  },
  "core/validateCommitMessage - valid conventional commit": {
    "mean": 0.0004386579461517936,
    "p99": 0.00048100000003614696
  },
  "core/validateCommitMessage - invalid commit message": {
    "mean": 0.0005554326060876127,
    "p99": 0.0006220000000212167
  },
  "graph/GraphStore - addNode - single node": {
    "mean": 0.0009886292345442941,
    "p99": 0.00243399999999383
  },
  "graph/GraphStore - findNodes - by type": {
    "mean": 0.0011461578760365056,
    "p99": 0.0014730000000326982
  },
  "graph/ContextQL - execute - depth 2 from module root": {
    "mean": 0.011766126438404825,
    "p99": 0.02226199999995515
  },
  "graph/groupNodesByImpact - categorize ~85 nodes": {
    "mean": 0.004729362362021481,
    "p99": 0.006542000000081316
  }
}
