{
  "core/validateConfig - valid config object": {
    "mean": 0.0016687448627793807,
    "p99": 0.0033559999999397405
  },
  "core/validateConfig - invalid config object": {
    "mean": 0.010193419398019713,
    "p99": 0.02059800000006362
  },
  "core/validateCommitMessage - valid conventional commit": {
    "mean": 0.00043201641229535066,
    "p99": 0.0004710000002887682
  },
  "core/validateCommitMessage - invalid commit message": {
    "mean": 0.0005502937180692615,
    "p99": 0.0006210000001374283
  },
  "graph/GraphStore - addNode - single node": {
    "mean": 0.0010483043051648362,
    "p99": 0.0025249999999914507
  },
  "graph/GraphStore - findNodes - by type": {
    "mean": 0.0011691917777787136,
    "p99": 0.0015720000001238077
  },
  "graph/ContextQL - execute - depth 2 from module root": {
    "mean": 0.010392020867107747,
    "p99": 0.02080900000009933
  },
  "graph/groupNodesByImpact - categorize ~85 nodes": {
    "mean": 0.00525227198336104,
    "p99": 0.007194000000254164
  }
}
