{
  "core/validateConfig - valid config object": {
    "mean": 0.0007099633119492756,
    "p99": 0.001125000000001819
  },
  "core/validateConfig - invalid config object": {
    "mean": 0.006028912508741646,
    "p99": 0.011999999999943611
  },
  "core/validateCommitMessage - valid conventional commit": {
    "mean": 0.00016898111805326957,
    "p99": 0.0003329999999550637
  },
  "core/validateCommitMessage - invalid commit message": {
    "mean": 0.0002679473574775647,
    "p99": 0.00037500000007639755
  },
  "graph/GraphStore - addNode - single node": {
    "mean": 0.0006294819370431909,
    "p99": 0.0014580000000705695
  },
  "graph/GraphStore - findNodes - by type": {
    "mean": 0.0007308965373078743,
    "p99": 0.0012500000000272848
  },
  "graph/ContextQL - execute - depth 2 from module root": {
    "mean": 0.007102047057653701,
    "p99": 0.026291000000128406
  },
  "graph/groupNodesByImpact - categorize ~85 nodes": {
    "mean": 0.0035739083364903857,
    "p99": 0.00787499999978536
  }
}
