{
  "core/validateConfig - valid config object": {
    "mean": 0.0016303376124113679,
    "p99": 0.003316000000040731
  },
  "core/validateConfig - invalid config object": {
    "mean": 0.010400562308891912,
    "p99": 0.021138999999948282
  },
  "core/validateCommitMessage - valid conventional commit": {
    "mean": 0.00043851753630477346,
    "p99": 0.00048100000003614696
  },
  "core/validateCommitMessage - invalid commit message": {
    "mean": 0.0005583305606643313,
    "p99": 0.0006809999999859428
  },
  "graph/GraphStore - addNode - single node": {
    "mean": 0.0010487585783055392,
    "p99": 0.002554999999915708
  },
  "graph/GraphStore - findNodes - by type": {
    "mean": 0.0011867489437955973,
    "p99": 0.001703000000134125
  },
  "graph/ContextQL - execute - depth 2 from module root": {
    "mean": 0.010931879946652226,
    "p99": 0.021810000000186847
  },
  "graph/groupNodesByImpact - categorize ~85 nodes": {
    "mean": 0.005216201249791805,
    "p99": 0.009246999999959371
  }
}
