{
  "core/validateConfig - valid config object": {
    "mean": 0.0016398859954083233,
    "p99": 0.0032360000000153377
  },
  "core/validateConfig - invalid config object": {
    "mean": 0.010175258267364132,
    "p99": 0.020879000000149972
  },
  "core/validateCommitMessage - valid conventional commit": {
    "mean": 0.00043754074247144114,
    "p99": 0.0006410000000869331
  },
  "core/validateCommitMessage - invalid commit message": {
    "mean": 0.0005739086199905903,
    "p99": 0.0006310000003395544
  },
  "graph/GraphStore - addNode - single node": {
    "mean": 0.0009398242706737253,
    "p99": 0.0023939999999811334
  },
  "graph/GraphStore - findNodes - by type": {
    "mean": 0.001140582690996044,
    "p99": 0.001594000000068263
  },
  "graph/ContextQL - execute - depth 2 from module root": {
    "mean": 0.011190014502158351,
    "p99": 0.021709999999984575
  },
  "graph/groupNodesByImpact - categorize ~85 nodes": {
    "mean": 0.004875824226940041,
    "p99": 0.007524000000103115
  }
}
