{
  "core/validateConfig - valid config object": {
    "mean": 0.0018119492654360171,
    "p99": 0.004749000000003889
  },
  "core/validateConfig - invalid config object": {
    "mean": 0.010366358945119641,
    "p99": 0.020458000000189713
  },
  "core/validateCommitMessage - valid conventional commit": {
    "mean": 0.0004367842043241686,
    "p99": 0.0004910000000108994
  },
  "core/validateCommitMessage - invalid commit message": {
    "mean": 0.0006259800450207827,
    "p99": 0.000691000000188069
  },
  "graph/GraphStore - addNode - single node": {
    "mean": 0.0011375468429709855,
    "p99": 0.002604999999903157
  },
  "graph/GraphStore - findNodes - by type": {
    "mean": 0.0011804472919406518,
    "p99": 0.0016630000000077416
  },
  "graph/ContextQL - execute - depth 2 from module root": {
    "mean": 0.011381696410279717,
    "p99": 0.022272000000157277
  },
  "graph/groupNodesByImpact - categorize ~85 nodes": {
    "mean": 0.004870849676577382,
    "p99": 0.007834000000002561
  }
}
