{
  "core/validateConfig - valid config object": {
    "mean": 0.0015826111972753664,
    "p99": 0.0036959999999908177
  },
  "core/validateConfig - invalid config object": {
    "mean": 0.010104482893114762,
    "p99": 0.018227000000024418
  },
  "core/validateCommitMessage - valid conventional commit": {
    "mean": 0.0003703959635737958,
    "p99": 0.0005009999999856518
  },
  "core/validateCommitMessage - invalid commit message": {
    "mean": 0.000523205309904821,
    "p99": 0.0007009999999354477
  },
  "graph/GraphStore - addNode - single node": {
    "mean": 0.0011290314638100999,
    "p99": 0.0029749999999921783
  },
  "graph/GraphStore - findNodes - by type": {
    "mean": 0.0012936944353168268,
    "p99": 0.0019230000000334257
  },
  "graph/ContextQL - execute - depth 2 from module root": {
    "mean": 0.010043486602120719,
    "p99": 0.02018099999986589
  },
  "graph/groupNodesByImpact - categorize ~85 nodes": {
    "mean": 0.005472992633376584,
    "p99": 0.008292999999866879
  }
}
