{
  "core/validateConfig - valid config object": {
    "mean": 0.002040387064786285,
    "p99": 0.004006000000003951
  },
  "core/validateConfig - invalid config object": {
    "mean": 0.010733219319523257,
    "p99": 0.017861000000038985
  },
  "core/validateCommitMessage - valid conventional commit": {
    "mean": 0.00039925533963826776,
    "p99": 0.0006859999998596322
  },
  "core/validateCommitMessage - invalid commit message": {
    "mean": 0.0006300423677983186,
    "p99": 0.0010070000002997403
  },
  "graph/GraphStore - addNode - single node": {
    "mean": 0.0011669000877509335,
    "p99": 0.002361999999948239
  },
  "graph/GraphStore - findNodes - by type": {
    "mean": 0.0011844503822218723,
    "p99": 0.001659999999901629
  },
  "graph/ContextQL - execute - depth 2 from module root": {
    "mean": 0.010790996525305683,
    "p99": 0.018092000000251574
  },
  "graph/groupNodesByImpact - categorize ~85 nodes": {
    "mean": 0.00543385467744755,
    "p99": 0.006954999999834399
  }
}
