{
  "core/validateConfig - valid config object": {
    "mean": 0.0016367444915462376,
    "p99": 0.003266000000053282
  },
  "core/validateConfig - invalid config object": {
    "mean": 0.01000434209056456,
    "p99": 0.020678999999972802
  },
  "core/validateCommitMessage - valid conventional commit": {
    "mean": 0.00045733724386846344,
    "p99": 0.0004910000002382731
  },
  "core/validateCommitMessage - invalid commit message": {
    "mean": 0.0005561738017611642,
    "p99": 0.0006010000001879234
  },
  "graph/GraphStore - addNode - single node": {
    "mean": 0.000994129214857092,
    "p99": 0.002464000000031774
  },
  "graph/GraphStore - findNodes - by type": {
    "mean": 0.001132508231068119,
    "p99": 0.0014630000000579457
  },
  "graph/ContextQL - execute - depth 2 from module root": {
    "mean": 0.010793516028062396,
    "p99": 0.021462000000155967
  },
  "graph/groupNodesByImpact - categorize ~85 nodes": {
    "mean": 0.004672173972358648,
    "p99": 0.007974999999987631
  }
}
