{
  "core/validateConfig - valid config object": {
    "mean": 0.0016737224405493887,
    "p99": 0.003776000000016211
  },
  "core/validateConfig - invalid config object": {
    "mean": 0.009826118875896355,
    "p99": 0.01784599999996317
  },
  "core/validateCommitMessage - valid conventional commit": {
    "mean": 0.00038934781681033585,
    "p99": 0.00047099999983402085
  },
  "core/validateCommitMessage - invalid commit message": {
    "mean": 0.0005249216460686034,
    "p99": 0.0006210000001374283
  },
  "graph/GraphStore - addNode - single node": {
    "mean": 0.001034558541520956,
    "p99": 0.0028539999999566135
  },
  "graph/GraphStore - findNodes - by type": {
    "mean": 0.001284222062408077,
    "p99": 0.0017530000000078871
  },
  "graph/ContextQL - execute - depth 2 from module root": {
    "mean": 0.010461462433307797,
    "p99": 0.020649999999932334
  },
  "graph/groupNodesByImpact - categorize ~85 nodes": {
    "mean": 0.005529193497732326,
    "p99": 0.007700999999997293
  }
}
