{
  "core/validateConfig - valid config object": {
    "mean": 0.0017389138890435013,
    "p99": 0.0038579999999228676
  },
  "core/validateConfig - invalid config object": {
    "mean": 0.010422183011985466,
    "p99": 0.02172999999993408
  },
  "core/validateCommitMessage - valid conventional commit": {
    "mean": 0.0004488508433009514,
    "p99": 0.00048100000003614696
  },
  "core/validateCommitMessage - invalid commit message": {
    "mean": 0.0005477044392499583,
    "p99": 0.0007009999999354477
  },
  "graph/GraphStore - addNode - single node": {
    "mean": 0.0011095148497275913,
    "p99": 0.002564000000006672
  },
  "graph/GraphStore - findNodes - by type": {
    "mean": 0.001185876742349224,
    "p99": 0.0016829999999572465
  },
  "graph/ContextQL - execute - depth 2 from module root": {
    "mean": 0.011791487312517638,
    "p99": 0.022681999999804248
  },
  "graph/groupNodesByImpact - categorize ~85 nodes": {
    "mean": 0.00471580554952961,
    "p99": 0.008687000000008993
  }
}
