{
  "core/validateConfig - valid config object": {
    "mean": 0.001627975704099238,
    "p99": 0.003425999999990381
  },
  "core/validateConfig - invalid config object": {
    "mean": 0.010401823254071655,
    "p99": 0.021440000000211512
  },
  "core/validateCommitMessage - valid conventional commit": {
    "mean": 0.00044620099377811514,
    "p99": 0.0005409999998846615
  },
  "core/validateCommitMessage - invalid commit message": {
    "mean": 0.0005721741102695818,
    "p99": 0.0006319999997685954
  },
  "graph/GraphStore - addNode - single node": {
    "mean": 0.0010900147544200384,
    "p99": 0.0026149999999915963
  },
  "graph/GraphStore - findNodes - by type": {
    "mean": 0.001168665441906752,
    "p99": 0.0016029999999318534
  },
  "graph/ContextQL - execute - depth 2 from module root": {
    "mean": 0.01202016308868289,
    "p99": 0.022822999999789317
  },
  "graph/groupNodesByImpact - categorize ~85 nodes": {
    "mean": 0.005236303860170259,
    "p99": 0.007274000000052183
  }
}
