{
  "core/validateConfig - valid config object": {
    "mean": 0.001735222493302018,
    "p99": 0.0036269999999944957
  },
  "core/validateConfig - invalid config object": {
    "mean": 0.010143288818111683,
    "p99": 0.02123000000005959
  },
  "core/validateCommitMessage - valid conventional commit": {
    "mean": 0.00042389214409617085,
    "p99": 0.00047099999983402085
  },
  "core/validateCommitMessage - invalid commit message": {
    "mean": 0.00054251554252056,
    "p99": 0.0006109999999353022
  },
  "graph/GraphStore - addNode - single node": {
    "mean": 0.0009837274514474558,
    "p99": 0.0024449999999660577
  },
  "graph/GraphStore - findNodes - by type": {
    "mean": 0.0011538346348577927,
    "p99": 0.001922999999806052
  },
  "graph/ContextQL - execute - depth 2 from module root": {
    "mean": 0.011406998380215088,
    "p99": 0.02216199999975288
  },
  "graph/groupNodesByImpact - categorize ~85 nodes": {
    "mean": 0.00479227202760321,
    "p99": 0.009196999999858235
  }
}
