{
  "core/validateConfig - valid config object": {
    "mean": 0.0017156579705867616,
    "p99": 0.0033659999999713364
  },
  "core/validateConfig - invalid config object": {
    "mean": 0.010950673406248331,
    "p99": 0.021891000000096028
  },
  "core/validateCommitMessage - valid conventional commit": {
    "mean": 0.00045360649818472335,
    "p99": 0.0006809999999859428
  },
  "core/validateCommitMessage - invalid commit message": {
    "mean": 0.000554464188286922,
    "p99": 0.0006709999997838167
  },
  "graph/GraphStore - addNode - single node": {
    "mean": 0.0012385040016050814,
    "p99": 0.0027450000000044383
  },
  "graph/GraphStore - findNodes - by type": {
    "mean": 0.0012535442324568462,
    "p99": 0.0018739999998160783
  },
  "graph/ContextQL - execute - depth 2 from module root": {
    "mean": 0.011693005542433674,
    "p99": 0.027611999999862746
  },
  "graph/groupNodesByImpact - categorize ~85 nodes": {
    "mean": 0.00543720648332315,
    "p99": 0.009328000000095926
  }
}
