{
  "core/validateConfig - valid config object": {
    "mean": 0.0017607578503286865,
    "p99": 0.0030040000000326472
  },
  "core/validateConfig - invalid config object": {
    "mean": 0.010691241425761121,
    "p99": 0.017899000000170417
  },
  "core/validateCommitMessage - valid conventional commit": {
    "mean": 0.00039474423890534645,
    "p99": 0.0006049999999504507
  },
  "core/validateCommitMessage - invalid commit message": {
    "mean": 0.000547359007003903,
    "p99": 0.0008819999998195271
  },
  "graph/GraphStore - addNode - single node": {
    "mean": 0.0010912506536588404,
    "p99": 0.002317000000061853
  },
  "graph/GraphStore - findNodes - by type": {
    "mean": 0.0011703309177725026,
    "p99": 0.0016949999999269494
  },
  "graph/ContextQL - execute - depth 2 from module root": {
    "mean": 0.010663851219927651,
    "p99": 0.018223999999918306
  },
  "graph/groupNodesByImpact - categorize ~85 nodes": {
    "mean": 0.004964434653533764,
    "p99": 0.006746000000021013
  }
}
