{
  "core/validateConfig - valid config object": {
    "mean": 0.001674408069976906,
    "p99": 0.003776000000016211
  },
  "core/validateConfig - invalid config object": {
    "mean": 0.01029625254314028,
    "p99": 0.018530999999939013
  },
  "core/validateCommitMessage - valid conventional commit": {
    "mean": 0.00039266838707640407,
    "p99": 0.0004910000002382731
  },
  "core/validateCommitMessage - invalid commit message": {
    "mean": 0.0005295621435389801,
    "p99": 0.0006410000000869331
  },
  "graph/GraphStore - addNode - single node": {
    "mean": 0.0011915616489282781,
    "p99": 0.003064999999992324
  },
  "graph/GraphStore - findNodes - by type": {
    "mean": 0.0013473805157117463,
    "p99": 0.0019330000000081782
  },
  "graph/ContextQL - execute - depth 2 from module root": {
    "mean": 0.01067022887323911,
    "p99": 0.020874000000276283
  },
  "graph/groupNodesByImpact - categorize ~85 nodes": {
    "mean": 0.005483366332181365,
    "p99": 0.007902999999714666
  }
}
