{
  "core/validateConfig - valid config object": {
    "mean": 0.0017518486964501322,
    "p99": 0.0043870000000083564
  },
  "core/validateConfig - invalid config object": {
    "mean": 0.01040979240922701,
    "p99": 0.018737999999984822
  },
  "core/validateCommitMessage - valid conventional commit": {
    "mean": 0.0005967413591856271,
    "p99": 0.005717999999887979
  },
  "core/validateCommitMessage - invalid commit message": {
    "mean": 0.0006669432431319066,
    "p99": 0.002464000000145461
  },
  "graph/GraphStore - addNode - single node": {
    "mean": 0.0011157839264833963,
    "p99": 0.0030350000000680666
  },
  "graph/GraphStore - findNodes - by type": {
    "mean": 0.0015269609159318592,
    "p99": 0.004216000000042186
  },
  "graph/ContextQL - execute - depth 2 from module root": {
    "mean": 0.011183018272908291,
    "p99": 0.02156199999990349
  },
  "graph/groupNodesByImpact - categorize ~85 nodes": {
    "mean": 0.0056354420738233555,
    "p99": 0.008503000000018801
  }
}
