{
  "core/validateConfig - valid config object": {
    "mean": 0.0018,
    "p99": 0.003
  },
  "core/validateConfig - invalid config object": {
    "mean": 0.012,
    "p99": 0.02
  },
  "core/validateCommitMessage - valid conventional commit": {
    "mean": 0.0005,
    "p99": 0.001
  },
  "core/validateCommitMessage - invalid commit message": {
    "mean": 0.0007,
    "p99": 0.001
  },
  "graph/GraphStore - addNode - single node": {
    "mean": 0.020869200083472848,
    "p99": 0.03924999999992451
  },
  "graph/GraphStore - findNodes - by type": {
    "mean": 0.005231515040544091,
    "p99": 0.006708000000116954
  },
  "graph/ContextQL - execute - depth 2 from module root": {
    "mean": 0.023590108369503697,
    "p99": 0.051124999999956344
  },
  "graph/groupNodesByImpact - categorize ~85 nodes": {
    "mean": 0.01186740837348443,
    "p99": 0.015292000000044936
  }
}
