{
  "core/validateConfig - valid config object": {
    "mean": 0.0021606221652781237,
    "p99": 0.005561000000056993
  },
  "core/validateConfig - invalid config object": {
    "mean": 0.013654894362358297,
    "p99": 0.02749099999982718
  },
  "core/validateCommitMessage - valid conventional commit": {
    "mean": 0.00047538703620086763,
    "p99": 0.0007510000000365835
  },
  "core/validateCommitMessage - invalid commit message": {
    "mean": 0.0006235810062348011,
    "p99": 0.0007909999999355932
  },
  "graph/GraphStore - addNode - single node": {
    "mean": 0.0016561803080490174,
    "p99": 0.0037670000000389336
  },
  "graph/GraphStore - findNodes - by type": {
    "mean": 0.0023301342249978244,
    "p99": 0.004477999999835447
  },
  "graph/ContextQL - execute - depth 2 from module root": {
    "mean": 0.012649902747557737,
    "p99": 0.024645999999847845
  },
  "graph/groupNodesByImpact - categorize ~85 nodes": {
    "mean": 0.006369785772522867,
    "p99": 0.009596999999757827
  }
}
