{
  "core/validateConfig - valid config object": {
    "mean": 0.0017352589278897587,
    "p99": 0.003857000000039079
  },
  "core/validateConfig - invalid config object": {
    "mean": 0.010403739700374464,
    "p99": 0.020919000000048982
  },
  "core/validateCommitMessage - valid conventional commit": {
    "mean": 0.0004531540523739827,
    "p99": 0.0004910000002382731
  },
  "core/validateCommitMessage - invalid commit message": {
    "mean": 0.0005757661965732696,
    "p99": 0.0006909999997333216
  },
  "graph/GraphStore - addNode - single node": {
    "mean": 0.001060048876545923,
    "p99": 0.002555000000029395
  },
  "graph/GraphStore - findNodes - by type": {
    "mean": 0.0011843368531757196,
    "p99": 0.0016530000000329892
  },
  "graph/ContextQL - execute - depth 2 from module root": {
    "mean": 0.011870451735435847,
    "p99": 0.02284300000019357
  },
  "graph/groupNodesByImpact - categorize ~85 nodes": {
    "mean": 0.004886493955414257,
    "p99": 0.006462999999712338
  }
}
