{
  "core/validateConfig - valid config object": {
    "mean": 0.0017025037591169895,
    "p99": 0.0033070000000634536
  },
  "core/validateConfig - invalid config object": {
    "mean": 0.01083978207990957,
    "p99": 0.02210200000013174
  },
  "core/validateCommitMessage - valid conventional commit": {
    "mean": 0.0004485557908974913,
    "p99": 0.0004909999997835257
  },
  "core/validateCommitMessage - invalid commit message": {
    "mean": 0.0005506998290630647,
    "p99": 0.0006009999997331761
  },
  "graph/GraphStore - addNode - single node": {
    "mean": 0.0009901912154374414,
    "p99": 0.0025040000000444707
  },
  "graph/GraphStore - findNodes - by type": {
    "mean": 0.0011618256498077651,
    "p99": 0.001592999999957101
  },
  "graph/ContextQL - execute - depth 2 from module root": {
    "mean": 0.011896660972186938,
    "p99": 0.02302300000019386
  },
  "graph/groupNodesByImpact - categorize ~85 nodes": {
    "mean": 0.004944466724022003,
    "p99": 0.009578000000146858
  }
}
