{
  "core/validateConfig - valid config object": {
    "mean": 0.0015923932125876032,
    "p99": 0.0032360000000153377
  },
  "core/validateConfig - invalid config object": {
    "mean": 0.010315381189140244,
    "p99": 0.02084899999999834
  },
  "core/validateCommitMessage - valid conventional commit": {
    "mean": 0.00043078744789642337,
    "p99": 0.0004809999995813996
  },
  "core/validateCommitMessage - invalid commit message": {
    "mean": 0.0005413572252208908,
    "p99": 0.0005909999999857973
  },
  "graph/GraphStore - addNode - single node": {
    "mean": 0.0010027845086256232,
    "p99": 0.0023949999999786087
  },
  "graph/GraphStore - findNodes - by type": {
    "mean": 0.0011479542793382384,
    "p99": 0.0017229999998562562
  },
  "graph/ContextQL - execute - depth 2 from module root": {
    "mean": 0.011431106993439685,
    "p99": 0.022132000000055996
  },
  "graph/groupNodesByImpact - categorize ~85 nodes": {
    "mean": 0.0047170932659105595,
    "p99": 0.006702000000132102
  }
}
