{
  "core/validateConfig - valid config object": {
    "mean": 0.0016479718757827755,
    "p99": 0.003726000000028762
  },
  "core/validateConfig - invalid config object": {
    "mean": 0.010344471397537998,
    "p99": 0.01780600000006416
  },
  "core/validateCommitMessage - valid conventional commit": {
    "mean": 0.0004208366094048022,
    "p99": 0.0005409999998846615
  },
  "core/validateCommitMessage - invalid commit message": {
    "mean": 0.000522649318204068,
    "p99": 0.000661000000036438
  },
  "graph/GraphStore - addNode - single node": {
    "mean": 0.0011905621027639,
    "p99": 0.0030549999999038846
  },
  "graph/GraphStore - findNodes - by type": {
    "mean": 0.0013470221342167655,
    "p99": 0.0019629999999324355
  },
  "graph/ContextQL - execute - depth 2 from module root": {
    "mean": 0.010747930203563424,
    "p99": 0.021151999999801774
  },
  "graph/groupNodesByImpact - categorize ~85 nodes": {
    "mean": 0.005619680929259741,
    "p99": 0.008581999999933032
  }
}
