{
  "core/validateConfig - valid config object": {
    "mean": 0.001627726701543321,
    "p99": 0.003345999999964988
  },
  "core/validateConfig - invalid config object": {
    "mean": 0.01034290697722425,
    "p99": 0.021399999999857755
  },
  "core/validateCommitMessage - valid conventional commit": {
    "mean": 0.0004495363180125127,
    "p99": 0.0008219999999710126
  },
  "core/validateCommitMessage - invalid commit message": {
    "mean": 0.0005636939426634202,
    "p99": 0.0008720000000721484
  },
  "graph/GraphStore - addNode - single node": {
    "mean": 0.0009749576751559644,
    "p99": 0.0024040000000695727
  },
  "graph/GraphStore - findNodes - by type": {
    "mean": 0.0011452960906524127,
    "p99": 0.0016630000000077416
  },
  "graph/ContextQL - execute - depth 2 from module root": {
    "mean": 0.011093215028951416,
    "p99": 0.02179999999998472
  },
  "graph/groupNodesByImpact - categorize ~85 nodes": {
    "mean": 0.004832093365547093,
    "p99": 0.007274000000052183
  }
}
