{
  "core/validateConfig - valid config object": {
    "mean": 0.0016728974046700078,
    "p99": 0.0032860000000027867
  },
  "core/validateConfig - invalid config object": {
    "mean": 0.010469164489112047,
    "p99": 0.021130000000084692
  },
  "core/validateCommitMessage - valid conventional commit": {
    "mean": 0.0004267211327560744,
    "p99": 0.0004910000000108994
  },
  "core/validateCommitMessage - invalid commit message": {
    "mean": 0.0005580731477556963,
    "p99": 0.000901999999769032
  },
  "graph/GraphStore - addNode - single node": {
    "mean": 0.0010536717481645298,
    "p99": 0.0025249999999914507
  },
  "graph/GraphStore - findNodes - by type": {
    "mean": 0.0011701858744673041,
    "p99": 0.0016330000000834843
  },
  "graph/ContextQL - execute - depth 2 from module root": {
    "mean": 0.011162887078049478,
    "p99": 0.02190100000007078
  },
  "graph/groupNodesByImpact - categorize ~85 nodes": {
    "mean": 0.005142905463783316,
    "p99": 0.007924000000002707
  }
}
