{
  "core/validateConfig - valid config object": {
    "mean": 0.001736748533319657,
    "p99": 0.003122000000018943
  },
  "core/validateConfig - invalid config object": {
    "mean": 0.010759716268559299,
    "p99": 0.017987000000175613
  },
  "core/validateCommitMessage - valid conventional commit": {
    "mean": 0.00040387716084249256,
    "p99": 0.0006370000000970322
  },
  "core/validateCommitMessage - invalid commit message": {
    "mean": 0.0005370714894902652,
    "p99": 0.0009030000001075678
  },
  "graph/GraphStore - addNode - single node": {
    "mean": 0.0012065380071378925,
    "p99": 0.0023889999999937572
  },
  "graph/GraphStore - findNodes - by type": {
    "mean": 0.0011803816998434606,
    "p99": 0.0016839999998410349
  },
  "graph/ContextQL - execute - depth 2 from module root": {
    "mean": 0.011094539806514434,
    "p99": 0.019146999999975378
  },
  "graph/groupNodesByImpact - categorize ~85 nodes": {
    "mean": 0.004914820355043806,
    "p99": 0.006432000000131666
  }
}
